Column,DataType,Unique_Values,Missing_Count,Missing_Pct,Is_Constant,Extreme_Outliers
SEQN,float64,11933,0,0.0,False,0
WTPH2YR,float64,6600,4929,25.55,False,273
LBXSATSI,float64,125,6421,33.28,False,222
LBXSAL,float64,33,6341,32.87,False,22
LBDSALSI,float64,33,6341,32.87,False,22
LBXSAPSI,float64,319,6415,33.25,False,293
LBXSASSI,float64,108,6439,33.38,False,244
LBXSC3SI,float64,22,6424,33.3,False,1
LBXSBU,float64,57,6423,33.3,False,83
LBDSBUSI,float64,57,6423,33.3,False,103
LBXSCLSI,float64,33,6412,33.24,False,74
LBXSCK,float64,565,6421,33.28,False,417
LBXSCR,float64,188,6416,33.26,False,98
LBDSCRSI,float64,188,6416,33.26,False,98
LBXSGB,float64,37,6343,32.88,False,17
LBDSGBSI,float64,37,6343,32.88,False,17
LBXSGL,float64,236,6359,32.96,False,558
LBDSGLSI,float64,29,6359,32.96,False,381
LBXSGTSI,float64,209,6415,33.25,False,510
LBDSGTLC,float64,2,6415,33.25,False,1
LBXSIR,float64,221,6344,32.89,False,10
LBDSIRSI,float64,47,6344,32.89,False,10
LBXSLDSI,float64,231,9774,50.67,False,28
LBXMAGN,float64,21,6434,33.35,False,41
LBXSOSSI,float64,59,6435,33.36,False,21
LBXSPH,float64,49,6434,33.35,False,11
LBDSPHSI,float64,49,6434,33.35,False,9
LBXSKSI,float64,34,6503,33.71,False,11
LBXSNASI,float64,31,6341,32.87,False,68
LBXSTB,float64,39,6424,33.3,False,151
LBDSTBSI,float64,38,6643,34.44,False,151
LBDSTBLC,float64,2,6424,33.3,False,219
LBXSCA,float64,39,6362,32.98,False,18
LBDSCASI,float64,11,6362,32.98,False,31
LBXSCH,float64,262,6413,33.24,False,10
LBDSCHSI,float64,262,6413,33.24,False,10
LBXSTP,float64,40,6343,32.88,False,0
LBDSTPSI,float64,40,6343,32.88,False,0
LBXSTR,float64,446,6351,32.92,False,236
LBDSTRSI,float64,446,6351,32.92,False,236
LBXSUA,float64,95,6412,33.24,False,8
LBDSUASI,float64,95,6412,33.24,False,9
BMDSTATS,float64,4,3073,15.93,False,986
BMXWT,float64,1389,3230,16.74,False,18
BMIWT,float64,3,18758,97.24,False,85
BMXRECUM,float64,299,18803,97.47,False,0
BMIRECUM,float64,1,19271,99.9,True,0
BMXHEAD,float64,49,19218,99.62,False,0
BMIHEAD,float64,0,19291,100.0,True,0
BMXHT,float64,995,3500,18.14,False,406
BMIHT,float64,2,19010,98.54,False,0
BMXBMI,float64,451,3549,18.4,False,50
BMDBMIC,float64,4,16462,85.34,False,0
BMXLEG,float64,231,5003,25.93,False,0
BMILEG,float64,1,18623,96.54,True,0
BMXARML,float64,351,3488,18.08,False,414
BMIARML,float64,1,18987,98.42,True,0
BMXARMC,float64,391,3495,18.12,False,10
BMIARMC,float64,1,18981,98.39,True,0
BMXWAIST,float64,1049,4004,20.76,False,1
BMIWAIST,float64,1,18729,97.09,True,0
BMXHIP,float64,764,5625,29.16,False,44
BMIHIP,float64,1,18685,96.86,True,0
LBXWBCSI,float64,145,4684,24.28,False,81
LBXLYPCT,float64,557,4696,24.34,False,3
LBXMOPCT,float64,160,4696,24.34,False,48
LBXNEPCT,float64,597,4696,24.34,False,4
LBXEOPCT,float64,158,4696,24.34,False,226
LBXBAPCT,float64,35,4696,24.34,False,65
LBDLYMNO,float64,75,4696,24.34,False,88
LBDMONO,float64,18,4696,24.34,False,137
LBDNENO,float64,124,4696,24.34,False,94
LBDEONO,float64,25,4696,24.34,False,385
LBDBANO,float64,4,4696,24.34,False,0
LBXRBCSI,float64,318,4684,24.28,False,10
LBXHGB,float64,110,4684,24.28,False,9
LBXHCT,float64,265,4684,24.28,False,9
LBXMCVSI,float64,412,4684,24.28,False,68
LBXMC,float64,81,4684,24.28,False,24
LBXMCHSI,float64,193,4684,24.28,False,81
LBXRDW,float64,114,4684,24.28,False,233
LBXPLTSI,float64,440,4684,24.28,False,25
LBXMPSI,float64,67,4684,24.28,False,6
LBXNRBC,float64,13,4696,24.34,False,78
SDDSRVYR,float64,1,0,0.0,True,0
RIDSTATR,float64,2,0,0.0,False,3073
RIAGENDR,float64,2,0,0.0,False,0
RIDAGEYR,float64,81,0,0.0,False,0
RIDAGEMN,float64,25,18895,97.95,False,0
RIDRETH1,float64,5,0,0.0,False,7650
RIDRETH3,float64,6,0,0.0,False,7650
RIDEXMON,float64,2,3073,15.93,False,0
RIDEXAGM,float64,240,16145,83.69,False,0
DMQMILIZ,float64,3,3910,20.27,False,1351
DMDBORN4,float64,2,19,0.1,False,2917
DMDYRUSR,float64,8,16374,84.88,False,87
DMDEDUC2,float64,6,4498,23.32,False,0
DMDMARTZ,float64,5,4500,23.33,False,9
RIDEXPRG,float64,3,17137,88.83,False,478
DMDHHSIZ,float64,7,0,0.0,False,0
DMDHRGND,float64,2,14817,76.81,False,0
DMDHRAGZ,float64,4,14808,76.76,False,0
DMDHREDZ,float64,3,15193,78.76,False,0
DMDHRMAZ,float64,3,14923,77.36,False,0
DMDHSEDZ,float64,3,16930,87.76,False,0
WTINT2YR,float64,9821,0,0.0,False,340
WTMEC2YR,float64,8138,0,0.0,False,323
SDMVSTRA,float64,15,0,0.0,False,0
SDMVPSU,float64,2,0,0.0,False,0
INDFMPIR,float64,471,2880,14.93,False,0
WTDRD1,float64,6440,3073,15.93,False,329
WTDR2D,float64,5707,5181,26.86,False,458
DR1DRSTZ,float64,4,3073,15.93,False,2178
DR1EXMER,float64,13,5136,26.62,False,0
DRABF,float64,2,5202,26.97,False,70
DRDINT,float64,2,5181,26.86,False,1425
DR1DBIH,float64,133,5935,30.77,False,91
DR1DAY,float64,7,5136,26.62,False,0
DR1LANG,float64,4,5135,26.62,False,824
DR1MRESP,float64,8,5193,26.92,False,1255
DR1HELP,float64,11,5193,26.92,False,1508
DBQ095Z,float64,5,5136,26.62,False,57
DBD100,float64,4,9207,47.73,False,33
DRQSPREP,float64,5,5136,26.62,False,0
DR1STY,float64,3,5136,26.62,False,2753
DR1SKY,float64,4,16591,86.0,False,168
DRQSDIET,float64,3,5136,26.62,False,2408
DRQSDT1,float64,1,18035,93.49,True,0
DRQSDT2,float64,1,19124,99.13,True,0
DRQSDT3,float64,1,18990,98.44,True,0
DRQSDT4,float64,1,19185,99.45,True,0
DRQSDT5,float64,1,19284,99.96,True,0
DRQSDT6,float64,1,19266,99.87,True,0
DRQSDT7,float64,1,19063,98.82,True,0
DRQSDT8,float64,1,19247,99.77,True,0
DRQSDT9,float64,1,19096,98.99,True,0
DRQSDT10,float64,1,19197,99.51,True,0
DRQSDT11,float64,1,19170,99.37,True,0
DRQSDT12,float64,1,19268,99.88,True,0
DRQSDT91,float64,1,18874,97.84,True,0
DR1TNUMF,float64,44,5181,26.86,False,4
DR1TKCAL,float64,2760,5251,27.22,False,78
DR1TPROT,float64,5934,5251,27.22,False,96
DR1TCARB,float64,6417,5251,27.22,False,78
DR1TSUGR,float64,6200,5251,27.22,False,105
DR1TFIBE,float64,1178,5251,27.22,False,150
DR1TTFAT,float64,6031,5251,27.22,False,67
DR1TSFAT,float64,6497,5251,27.22,False,99
DR1TMFAT,float64,6484,5251,27.22,False,108
DR1TPFAT,float64,6419,5251,27.22,False,137
DR1TCHOL,float64,990,5251,27.22,False,72
DR1TATOC,float64,3476,5251,27.22,False,252
DR1TATOA,float64,467,5251,27.22,False,2521
DR1TRET,float64,1148,5251,27.22,False,154
DR1TVARA,float64,1555,5251,27.22,False,205
DR1TACAR,float64,1382,5251,27.22,False,1573
DR1TBCAR,float64,3216,5251,27.22,False,561
DR1TCRYP,float64,599,5251,27.22,False,1057
DR1TLYCO,float64,2885,5251,27.22,False,700
DR1TLZ,float64,2648,5251,27.22,False,562
DR1TVB1,float64,4159,5251,27.22,False,111
DR1TVB2,float64,4495,5251,27.22,False,185
DR1TNIAC,float64,6415,5251,27.22,False,226
DR1TVB6,float64,4424,5251,27.22,False,316
DR1TFOLA,float64,886,5251,27.22,False,131
DR1TFA,float64,547,5251,27.22,False,169
DR1TFF,float64,642,5251,27.22,False,166
DR1TFDFE,float64,1095,5251,27.22,False,143
DR1TCHL,float64,5241,5251,27.22,False,58
DR1TVB12,float64,2155,5251,27.22,False,276
DR1TB12A,float64,515,5251,27.22,False,1248
DR1TVC,float64,3393,5251,27.22,False,165
DR1TVD,float64,572,5251,27.22,False,302
DR1TVK,float64,3721,5251,27.22,False,520
DR1TCALC,float64,1913,5251,27.22,False,114
DR1TPHOS,float64,2183,5251,27.22,False,93
DR1TMAGN,float64,736,5251,27.22,False,111
DR1TIRON,float64,3957,5251,27.22,False,178
DR1TZINC,float64,3620,5251,27.22,False,128
DR1TCOPP,float64,3652,5251,27.22,False,221
DR1TSODI,float64,3701,5251,27.22,False,153
DR1TPOTA,float64,3308,5251,27.22,False,98
DR1TSELE,float64,3633,5251,27.22,False,176
DR1TCAFF,float64,601,5251,27.22,False,177
DR1TTHEO,float64,342,5251,27.22,False,451
DR1TALCO,float64,340,5251,27.22,False,2494
DR1TMOIS,float64,6671,5251,27.22,False,62
DR1TS040,float64,2168,5251,27.22,False,178
DR1TS060,float64,1766,5251,27.22,False,160
DR1TS080,float64,1662,5251,27.22,False,254
DR1TS100,float64,2494,5251,27.22,False,155
DR1TS120,float64,3353,5251,27.22,False,625
DR1TS140,float64,5003,5251,27.22,False,147
DR1TS160,float64,6290,5251,27.22,False,88
DR1TS180,float64,5913,5251,27.22,False,93
DR1TM161,float64,3697,5251,27.22,False,121
DR1TM181,float64,6468,5251,27.22,False,102
DR1TM201,float64,1831,5251,27.22,False,192
DR1TM221,float64,397,5251,27.22,False,755
DR1TP182,float64,6379,5251,27.22,False,141
DR1TP183,float64,4501,5251,27.22,False,199
DR1TP184,float64,223,5251,27.22,False,1252
DR1TP204,float64,826,5251,27.22,False,110
DR1TP205,float64,493,5251,27.22,False,1379
DR1TP225,float64,409,5251,27.22,False,677
DR1TP226,float64,589,5251,27.22,False,2156
DR1_300,float64,4,5136,26.62,False,2358
DR1_320Z,float64,677,5181,26.86,False,58
DR1_330Z,float64,404,5181,26.86,False,84
DR1BWATZ,float64,371,5181,26.86,False,629
DR1TWSZ,float64,4,5136,26.62,False,2084
DRD340,float64,4,5259,27.26,False,60
DRD350A,float64,2,12033,62.38,False,733
DRD350AQ,float64,7,18558,96.2,False,9
DRD350B,float64,2,12033,62.38,False,1251
DRD350BQ,float64,10,18040,93.52,False,38
DRD350C,float64,2,12033,62.38,False,127
DRD350CQ,float64,6,19164,99.34,False,3
DRD350D,float64,2,12033,62.38,False,802
DRD350DQ,float64,6,18489,95.84,False,1
DRD350E,float64,2,12033,62.38,False,518
DRD350EQ,float64,5,18773,97.31,False,0
DRD350F,float64,2,12033,62.38,False,621
DRD350FQ,float64,9,18670,96.78,False,10
DRD350G,float64,2,12033,62.38,False,935
DRD350GQ,float64,6,18359,95.17,False,3
DRD350H,float64,2,12033,62.38,False,800
DRD350HQ,float64,16,12836,66.54,False,160
DRD350I,float64,2,12036,62.39,False,544
DRD350IQ,float64,10,18747,97.18,False,41
DRD350J,float64,2,12036,62.39,False,29
DRD350JQ,float64,4,19262,99.85,False,0
DRD350K,float64,1,12037,62.4,True,0
DRD360,float64,4,5258,27.26,False,54
DRD370A,float64,2,9356,48.5,False,1457
DRD370AQ,float64,12,17834,92.45,False,19
DRD370B,float64,2,9356,48.5,False,0
DRD370BQ,float64,19,14590,75.63,False,75
DRD370C,float64,2,9356,48.5,False,123
DRD370CQ,float64,6,19168,99.36,False,1
DRD370D,float64,2,9356,48.5,False,780
DRD370DQ,float64,11,18511,95.96,False,22
DRD370E,float64,2,9356,48.5,False,2051
DRD370EQ,float64,13,17240,89.37,False,74
DRD370F,float64,2,9356,48.5,False,373
DRD370FQ,float64,9,18918,98.07,False,11
DRD370G,float64,2,9356,48.5,False,536
DRD370GQ,float64,8,18755,97.22,False,3
DRD370H,float64,2,9356,48.5,False,190
DRD370HQ,float64,7,19101,99.02,False,1
DRD370I,float64,2,9356,48.5,False,168
DRD370IQ,float64,5,19123,99.13,False,1
DRD370J,float64,2,9356,48.5,False,27
DRD370JQ,float64,4,19264,99.86,False,1
DRD370K,float64,2,9356,48.5,False,466
DRD370KQ,float64,10,18825,97.58,False,7
DRD370L,float64,2,9356,48.5,False,45
DRD370LQ,float64,5,19246,99.77,False,0
DRD370M,float64,2,9356,48.5,False,0
DRD370MQ,float64,17,14093,73.05,False,61
DRD370N,float64,2,9356,48.5,False,694
DRD370NQ,float64,14,18597,96.4,False,29
DRD370O,float64,2,9356,48.5,False,221
DRD370OQ,float64,5,19070,98.85,False,2
DRD370P,float64,2,9356,48.5,False,14
DRD370PQ,float64,3,19277,99.93,False,0
DRD370Q,float64,2,9356,48.5,False,131
DRD370QQ,float64,3,19160,99.32,False,27
DRD370R,float64,2,9356,48.5,False,372
DRD370RQ,float64,9,18919,98.07,False,8
DRD370S,float64,2,9356,48.5,False,299
DRD370SQ,float64,5,18992,98.45,False,1
DRD370T,float64,2,9356,48.5,False,2336
DRD370TQ,float64,19,16955,87.89,False,102
DRD370U,float64,2,9356,48.5,False,302
DRD370UQ,float64,6,18989,98.43,False,9
DRD370V,float64,2,9360,48.52,False,24
DR2DRSTZ,float64,4,3073,15.93,False,3592
DR2EXMER,float64,13,6549,33.95,False,0
DR2DBIH,float64,141,7238,37.52,False,53
DR2DAY,float64,7,6549,33.95,False,0
DR2LANG,float64,3,6521,33.8,False,712
DR2MRESP,float64,8,6606,34.24,False,1043
DR2HELP,float64,10,6609,34.26,False,988
DR2TNUMF,float64,40,6606,34.24,False,0
DR2STY,float64,3,6549,33.95,False,2721
DR2SKY,float64,4,16611,86.11,False,189
DR2TKCAL,float64,2628,6665,34.55,False,45
DR2TPROT,float64,5216,6665,34.55,False,59
DR2TCARB,float64,5616,6665,34.55,False,51
DR2TSUGR,float64,5465,6665,34.55,False,62
DR2TFIBE,float64,1132,6665,34.55,False,91
DR2TTFAT,float64,5348,6665,34.55,False,57
DR2TSFAT,float64,5663,6665,34.55,False,53
DR2TMFAT,float64,5672,6665,34.55,False,67
DR2TPFAT,float64,5627,6665,34.55,False,100
DR2TCHOL,float64,1000,6665,34.55,False,69
DR2TATOC,float64,3236,6665,34.55,False,170
DR2TATOA,float64,392,6665,34.55,False,2045
DR2TRET,float64,1117,6665,34.55,False,99
DR2TVARA,float64,1517,6665,34.55,False,166
DR2TACAR,float64,1278,6665,34.55,False,1337
DR2TBCAR,float64,2968,6665,34.55,False,525
DR2TCRYP,float64,560,6665,34.55,False,996
DR2TLYCO,float64,2639,6665,34.55,False,630
DR2TLZ,float64,2546,6665,34.55,False,415
DR2TVB1,float64,3762,6665,34.55,False,83
DR2TVB2,float64,4057,6665,34.55,False,164
DR2TNIAC,float64,5640,6665,34.55,False,159
DR2TVB6,float64,4017,6665,34.55,False,252
DR2TFOLA,float64,846,6665,34.55,False,87
DR2TFA,float64,526,6665,34.55,False,148
DR2TFF,float64,615,6665,34.55,False,110
DR2TFDFE,float64,1079,6665,34.55,False,106
DR2TCHL,float64,4750,6665,34.55,False,42
DR2TVB12,float64,2003,6665,34.55,False,211
DR2TB12A,float64,454,6665,34.55,False,1264
DR2TVC,float64,3162,6665,34.55,False,88
DR2TVD,float64,564,6665,34.55,False,230
DR2TVK,float64,3420,6665,34.55,False,399
DR2TCALC,float64,1802,6665,34.55,False,49
DR2TPHOS,float64,2091,6665,34.55,False,33
DR2TMAGN,float64,697,6665,34.55,False,79
DR2TIRON,float64,3596,6665,34.55,False,132
DR2TZINC,float64,3331,6665,34.55,False,85
DR2TCOPP,float64,3364,6665,34.55,False,113
DR2TSODI,float64,3478,6665,34.55,False,80
DR2TPOTA,float64,3095,6665,34.55,False,40
DR2TSELE,float64,3336,6665,34.55,False,111
DR2TCAFF,float64,580,6665,34.55,False,134
DR2TTHEO,float64,335,6665,34.55,False,405
DR2TALCO,float64,290,6665,34.55,False,2167
DR2TMOIS,float64,5813,6665,34.55,False,66
DR2TS040,float64,2066,6665,34.55,False,117
DR2TS060,float64,1648,6665,34.55,False,105
DR2TS080,float64,1551,6665,34.55,False,235
DR2TS100,float64,2411,6665,34.55,False,108
DR2TS120,float64,3060,6665,34.55,False,538
DR2TS140,float64,4528,6665,34.55,False,86
DR2TS160,float64,5537,6665,34.55,False,49
DR2TS180,float64,5218,6665,34.55,False,46
DR2TM161,float64,3474,6665,34.55,False,146
DR2TM181,float64,5649,6665,34.55,False,61
DR2TM201,float64,1786,6665,34.55,False,141
DR2TM221,float64,373,6665,34.55,False,674
DR2TP182,float64,5584,6665,34.55,False,89
DR2TP183,float64,4162,6665,34.55,False,190
DR2TP184,float64,228,6665,34.55,False,1173
DR2TP204,float64,797,6665,34.55,False,107
DR2TP205,float64,463,6665,34.55,False,1305
DR2TP225,float64,390,6665,34.55,False,639
DR2TP226,float64,539,6665,34.55,False,1932
DR2_300,float64,4,6549,33.95,False,2000
DR2_320Z,float64,559,6606,34.24,False,89
DR2_330Z,float64,314,6606,34.24,False,74
DR2BWATZ,float64,350,6606,34.24,False,590
DR2TWSZ,float64,4,6549,33.95,False,1834
DSDPID,float64,3417,7916,41.03,False,1334
DSDSUPP,object,3252,7916,41.03,False,0
DSDANTA,float64,3,7916,41.03,False,914
DSD070,float64,2,7921,41.06,False,1287
DSDMTCH,float64,7,7916,41.03,False,0
DSD103,float64,31,7922,41.07,False,28
DSD122Q,float64,65,7921,41.06,False,153
DSD122U,float64,18,7921,41.06,False,2153
DSDACTSS,float64,63,8082,41.9,False,2924
DSQIKCAL,float64,64,16197,83.96,False,86
DSQIPROT,float64,37,18904,97.99,False,72
DSQICARB,float64,69,16885,87.53,False,65
DSQISUGR,float64,44,17610,91.29,False,55
DSQIFIBE,float64,40,18984,98.41,False,12
DSQITFAT,float64,32,18376,95.26,False,40
DSQISFAT,float64,12,19084,98.93,False,5
DSQIMFAT,float64,10,19200,99.53,False,2
DSQIPFAT,float64,11,19061,98.81,False,6
DSQICHOL,float64,23,18871,97.82,False,18
DSQILYCO,float64,31,18756,97.23,False,22
DSQILZ,float64,55,18511,95.96,False,164
DSQIVB1,float64,123,17486,90.64,False,291
DSQIVB2,float64,123,17449,90.45,False,297
DSQINIAC,float64,100,17253,89.44,False,167
DSQIVB6,float64,118,16765,86.91,False,196
DSQIFA,float64,116,16860,87.4,False,14
DSQIFDFE,float64,116,16860,87.4,False,14
DSQICHL,float64,60,18994,98.46,False,18
DSQIVB12,float64,116,16468,85.37,False,464
DSQIVC,float64,158,15876,82.3,False,317
DSQIVK,float64,68,18038,93.5,False,33
DSQIVD,float64,93,15078,78.16,False,111
DSQICALC,float64,208,15890,82.37,False,25
DSQIPHOS,float64,64,18429,95.53,False,102
DSQIMAGN,float64,175,17306,89.71,False,181
DSQIIRON,float64,91,18139,94.03,False,162
DSQIZINC,float64,131,16522,85.65,False,212
DSQICOPP,float64,67,17852,92.54,False,16
DSQISODI,float64,106,17751,92.02,False,96
DSQIPOTA,float64,102,18227,94.48,False,437
DSQISELE,float64,68,17878,92.68,False,52
DSQICAFF,float64,10,19280,99.94,False,0
DSQIIODI,float64,60,17428,90.34,False,5
LBXFER,float64,908,16397,85.0,False,80
LBDFERSI,float64,908,16397,85.0,False,80
LBDRFO,float64,511,4861,25.2,False,132
LBDRFOSI,float64,858,4861,25.2,False,132
LBXHSCRP,float64,1260,5181,26.86,False,580
LBDHRPLC,float64,2,5181,26.86,False,217
LBXBPB,float64,1999,4690,24.31,False,304
LBDBPBSI,float64,248,4690,24.31,False,294
LBDBPBLC,float64,1,4690,24.31,True,0
LBXBCD,float64,1206,4690,24.31,False,641
LBDBCDSI,float64,1206,4690,24.31,False,642
LBDBCDLC,float64,2,4690,24.31,False,383
LBXTHG,float64,621,4690,24.31,False,629
LBDTHGSI,float64,621,4690,24.31,False,629
LBDTHGLC,float64,2,4690,24.31,False,2997
LBXBSE,float64,1161,4690,24.31,False,267
LBDBSESI,float64,245,4690,24.31,False,267
LBDBSELC,float64,1,4690,24.31,True,0
LBXBMN,float64,1511,4690,24.31,False,91
LBDBMNSI,float64,1511,4690,24.31,False,91
LBDBMNLC,float64,1,4690,24.31,True,0
LBXVIDMS,float64,990,5154,26.72,False,26
LBDVIDLC,float64,1,5154,26.72,True,0
LBXVD2MS,float64,764,5154,26.72,False,2956
LBDVD2LC,float64,2,5154,26.72,False,2956
LBXVD3MS,float64,1032,5153,26.71,False,25
LBDVD3LC,float64,1,5153,26.71,True,0
LBXVE3MS,float64,1042,5268,27.31,False,163
LBDVE3LC,float64,2,5268,27.31,False,97
