Nutrient,Model,Train_Accuracy,Validation_Accuracy,Accuracy_Gap,Precision,Recall_Sensitivity,Specificity,F1_Score,ROC_AUC_Score,PR_AUC_Score,MCC,Brier_Score,Confusion_Matrix
IRON,LogisticRegression,0.7209,0.7045,0.0164,0.0674,0.9268,0.6993,0.1256,0.8541,0.1159,0.2016,0.181,"TN=1223, FP=526, FN=3, TP=38"
IRON,RandomForest,0.8937,0.8732,0.0205,0.128,0.7805,0.8754,0.2199,0.924,0.18,0.283,0.084,"TN=1531, FP=218, FN=9, TP=32"
IRON,ExtraTrees,0.657,0.6402,0.0168,0.0573,0.9512,0.6329,0.108,0.8871,0.1471,0.18,0.186,"TN=1107, FP=642, FN=2, TP=39"
IRON,XGBoost,0.8693,0.8615,0.0078,0.1368,0.9512,0.8593,0.2393,0.9297,0.1621,0.3314,0.1014,"TN=1503, FP=246, FN=2, TP=39"
IRON,CatBoost,0.9567,0.9117,0.045,0.1321,0.5122,0.9211,0.21,0.9135,0.144,0.2278,0.0567,"TN=1611, FP=138, FN=20, TP=21"
CALCIUM,LogisticRegression,0.7966,0.7978,-0.0012,0.0056,0.2857,0.7998,0.0109,0.7197,0.0166,0.0133,0.1394,"TN=1426, FP=357, FN=5, TP=2"
CALCIUM,RandomForest,0.9977,0.9927,0.005,0.0,0.0,0.9966,0.0,0.7611,0.0102,-0.0036,0.0524,"TN=1777, FP=6, FN=7, TP=0"
CALCIUM,ExtraTrees,0.9308,0.9296,0.0012,0.0163,0.2857,0.9321,0.0308,0.7483,0.0152,0.0537,0.1711,"TN=1662, FP=121, FN=5, TP=2"
CALCIUM,XGBoost,1.0,0.9955,0.0045,0.0,0.0,0.9994,0.0,0.7696,0.0151,-0.0015,0.0042,"TN=1782, FP=1, FN=7, TP=0"
CALCIUM,CatBoost,1.0,0.9961,0.0039,0.0,0.0,1.0,0.0,0.8057,0.0169,0.0,0.0041,"TN=1783, FP=0, FN=7, TP=0"
VITAMIN_D,LogisticRegression,0.631,0.6112,0.0198,0.2071,0.5613,0.62,0.3026,0.6442,0.2547,0.1319,0.2272,"TN=943, FP=578, FN=118, TP=151"
VITAMIN_D,RandomForest,0.8124,0.7207,0.0917,0.2977,0.632,0.7364,0.4048,0.7782,0.3403,0.2824,0.161,"TN=1120, FP=401, FN=99, TP=170"
VITAMIN_D,ExtraTrees,0.7943,0.7475,0.0468,0.3223,0.6171,0.7705,0.4235,0.7862,0.3595,0.306,0.1959,"TN=1172, FP=349, FN=103, TP=166"
VITAMIN_D,XGBoost,0.7512,0.7134,0.0378,0.307,0.7212,0.712,0.4306,0.8086,0.3813,0.3239,0.1731,"TN=1083, FP=438, FN=75, TP=194"
VITAMIN_D,CatBoost,0.8177,0.7341,0.0836,0.3168,0.6654,0.7462,0.4293,0.8026,0.376,0.3165,0.1607,"TN=1135, FP=386, FN=90, TP=179"
VITAMIN_B12,LogisticRegression,0.6707,0.6592,0.0115,0.1295,0.6148,0.6628,0.2139,0.6435,0.1677,0.1529,0.2289,"TN=1097, FP=558, FN=52, TP=83"
VITAMIN_B12,RandomForest,0.8368,0.7799,0.0569,0.1619,0.4593,0.806,0.2394,0.7403,0.1625,0.1708,0.1428,"TN=1334, FP=321, FN=73, TP=62"
VITAMIN_B12,ExtraTrees,0.7675,0.7251,0.0424,0.1465,0.5481,0.7396,0.2312,0.7237,0.1685,0.1688,0.2007,"TN=1224, FP=431, FN=61, TP=74"
VITAMIN_B12,XGBoost,0.6845,0.6464,0.0381,0.137,0.6963,0.6423,0.229,0.7554,0.2062,0.1839,0.1879,"TN=1063, FP=592, FN=41, TP=94"
VITAMIN_B12,CatBoost,0.8195,0.743,0.0765,0.1397,0.4667,0.7656,0.215,0.7331,0.1878,0.1413,0.1491,"TN=1267, FP=388, FN=72, TP=63"
ZINC,LogisticRegression,0.6266,0.6397,-0.0131,0.206,0.6277,0.6414,0.3102,0.6834,0.2245,0.1847,0.2157,"TN=1000, FP=559, FN=86, TP=145"
ZINC,RandomForest,0.7457,0.6793,0.0664,0.2341,0.6537,0.6831,0.3447,0.7627,0.2715,0.2352,0.1639,"TN=1065, FP=494, FN=80, TP=151"
ZINC,ExtraTrees,0.6983,0.6788,0.0195,0.2362,0.6667,0.6806,0.3488,0.7355,0.2587,0.2419,0.1937,"TN=1061, FP=498, FN=77, TP=154"
ZINC,XGBoost,0.6594,0.6592,0.0002,0.2497,0.8182,0.6357,0.3826,0.7775,0.275,0.308,0.1849,"TN=991, FP=568, FN=42, TP=189"
ZINC,CatBoost,0.7774,0.7095,0.0679,0.253,0.6407,0.7197,0.3627,0.7618,0.2567,0.2576,0.17,"TN=1122, FP=437, FN=83, TP=148"
MAGNESIUM,LogisticRegression,0.6332,0.6352,-0.002,0.1814,0.6788,0.6299,0.2863,0.7169,0.218,0.1952,0.2168,"TN=1006, FP=591, FN=62, TP=131"
MAGNESIUM,RandomForest,0.7366,0.662,0.0746,0.2014,0.7202,0.655,0.3148,0.7788,0.2443,0.2391,0.1644,"TN=1046, FP=551, FN=54, TP=139"
MAGNESIUM,ExtraTrees,0.6722,0.667,0.0052,0.215,0.7876,0.6525,0.3378,0.7905,0.2644,0.2792,0.1935,"TN=1042, FP=555, FN=41, TP=152"
MAGNESIUM,XGBoost,0.6051,0.5978,0.0073,0.1954,0.8756,0.5642,0.3195,0.7922,0.2673,0.273,0.1938,"TN=901, FP=696, FN=24, TP=169"
MAGNESIUM,CatBoost,0.7779,0.6894,0.0885,0.2029,0.6425,0.6951,0.3085,0.7746,0.2602,0.2208,0.1642,"TN=1110, FP=487, FN=69, TP=124"
VITAMIN_C,LogisticRegression,0.7327,0.7475,-0.0148,0.4984,0.6822,0.7694,0.576,0.7503,0.582,0.4124,0.1972,"TN=1031, FP=309, FN=143, TP=307"
VITAMIN_C,RandomForest,0.8296,0.781,0.0486,0.5381,0.9111,0.7373,0.6766,0.9008,0.71,0.5689,0.1288,"TN=988, FP=352, FN=40, TP=410"
VITAMIN_C,ExtraTrees,0.7597,0.7525,0.0072,0.5043,0.9156,0.6978,0.6504,0.8808,0.668,0.5342,0.1462,"TN=935, FP=405, FN=38, TP=412"
VITAMIN_C,XGBoost,0.7833,0.7715,0.0118,0.526,0.92,0.7216,0.6694,0.9038,0.7322,0.5608,0.1344,"TN=967, FP=373, FN=36, TP=414"
VITAMIN_C,CatBoost,0.849,0.7961,0.0529,0.5606,0.8733,0.7701,0.6829,0.8996,0.7147,0.5719,0.1296,"TN=1032, FP=308, FN=57, TP=393"
